/*
    Name: Rio Atmadja
    Date: 07/05/2023
    Course: CIS535-T301 
    Description: Populate the case study project tables
*/

INSERT INTO Customers(customer_id,customer_first_name,customer_last_name,customer_phone_number,customer_address) VALUES(5982,'Lou','Matson','(682)-316-5723','3222 State Rt 11, Malone NY 12953')
INSERT INTO Customers(customer_id,customer_first_name,customer_last_name,customer_phone_number,customer_address) VALUES(15039,'Claude','Hampton','(611)-062-8007','600 Boll Weevil Circle, Enterprise AL 36330')
INSERT INTO Customers(customer_id,customer_first_name,customer_last_name,customer_phone_number,customer_address) VALUES(15096,'Gene','Riley','(623)-142-4732','8650 Madison Blvd, Madison AL 35758')
INSERT INTO Customers(customer_id,customer_first_name,customer_last_name,customer_phone_number,customer_address) VALUES(15111,'Bill','Stabler','(354)-254-0836','701 Mcmeans Ave, Bay Minette AL 36507')
INSERT INTO Customers(customer_id,customer_first_name,customer_last_name,customer_phone_number,customer_address) VALUES(15942,'Tony','Covert','(137)-635-5106','742 Main Street, North Oxford MA 1537')
INSERT INTO Customers(customer_id,customer_first_name,customer_last_name,customer_phone_number,customer_address) VALUES(16092,'Joe','Robinson','(121)-711-7040','677 Timpany Blvd, Gardner MA 1440')
INSERT INTO Customers(customer_id,customer_first_name,customer_last_name,customer_phone_number,customer_address) VALUES(16346,'Alex','Buchanan','(247)-142-8837','69 Prospect Hill Road, East Windsor CT 6088')
INSERT INTO Customers(customer_id,customer_first_name,customer_last_name,customer_phone_number,customer_address) VALUES(16363,'Larry','Aikman','(863)-848-7230','301 Falls Blvd, Quincy MA 2169')
INSERT INTO Customers(customer_id,customer_first_name,customer_last_name,customer_phone_number,customer_address) VALUES(16847,'Ernie','Dean','(674)-114-4511','3164 Berlin Turnpike, Newington CT 6111')
INSERT INTO Customers(customer_id,customer_first_name,customer_last_name,customer_phone_number,customer_address) VALUES(17894,'Dante','Hewitt','(362)-202-6172','1801 Hwy 78 East, Jasper AL 35501')
INSERT INTO Customers(customer_id,customer_first_name,customer_last_name,customer_phone_number,customer_address) VALUES(18325,'Guy','Hubbard','(381)-172-4277','2800 Spring Avn SW, Decatur AL 35603')
INSERT INTO Customers(customer_id,customer_first_name,customer_last_name,customer_phone_number,customer_address) VALUES(18481,'Fred','Joiner','(115)-802-2233','70 Pleasant Valley Street, Methuen MA 1844')
INSERT INTO Customers(customer_id,customer_first_name,customer_last_name,customer_phone_number,customer_address) VALUES(18582,'Michael','Boselli','(833)-621-2618','1300 Montgomery Highway, Vestavia Hills AL 35216')
INSERT INTO Customers(customer_id,customer_first_name,customer_last_name,customer_phone_number,customer_address) VALUES(19143,'Lou','Greene','(256)-775-6121','677 Timpany Blvd, Gardner MA 1440')
INSERT INTO Customers(customer_id,customer_first_name,customer_last_name,customer_phone_number,customer_address) VALUES(19169,'Bobby','Lyman','(345)-336-1627','970 Torringford Street, Torrington CT 6790')
INSERT INTO Customers(customer_id,customer_first_name,customer_last_name,customer_phone_number,customer_address) VALUES(20218,'Larry','Barber','(884)-630-6038','780 Lynnway, Lynn MA 1905')
INSERT INTO Customers(customer_id,customer_first_name,customer_last_name,customer_phone_number,customer_address) VALUES(20664,'Warren','Gibbs','(652)-355-1743','969 Us Hwy 80 West, Demopolis AL 36732')
INSERT INTO Customers(customer_id,customer_first_name,customer_last_name,customer_phone_number,customer_address) VALUES(20857,'John','Reeves','(145)-736-0344','550 Providence Hwy, Walpole MA 2081')
INSERT INTO Customers(customer_id,customer_first_name,customer_last_name,customer_phone_number,customer_address) VALUES(21077,'Orlando','Butler','(516)-383-8461','6140A Univ Drive, Huntsville AL 35806')
INSERT INTO Customers(customer_id,customer_first_name,customer_last_name,customer_phone_number,customer_address) VALUES(21257,'Jack','Butkus','(477)-655-1668','3018 East Ave, Central Square NY 13036')
INSERT INTO Customers(customer_id,customer_first_name,customer_last_name,customer_phone_number,customer_address) VALUES(21368,'Harold','Hutchinson','(242)-866-4705','465 Bridgeport Avenue, Shelton CT 6484')
INSERT INTO Customers(customer_id,customer_first_name,customer_last_name,customer_phone_number,customer_address) VALUES(21484,'Norm','Harris','(143)-486-8803','470 Route 211 East, Middletown NY 10940')
INSERT INTO Customers(customer_id,customer_first_name,customer_last_name,customer_phone_number,customer_address) VALUES(21648,'Mike','Warfield','(311)-382-1220','120 Commercial Parkway, Branford CT 6405')
INSERT INTO Customers(customer_id,customer_first_name,customer_last_name,customer_phone_number,customer_address) VALUES(21740,'Bulldog','Matthews','(721)-215-8278','2473 Hackworth Road, Adamsville AL 35005')
INSERT INTO Customers(customer_id,customer_first_name,customer_last_name,customer_phone_number,customer_address) VALUES(21782,'Tommy','George','(733)-020-4858','250 Rt 59, Airmont NY 10901')
INSERT INTO Customers(customer_id,customer_first_name,customer_last_name,customer_phone_number,customer_address) VALUES(22344,'LaDainian','Jones','(482)-811-7570','680 Connecticut Avenue, Norwalk CT 6854')
INSERT INTO Customers(customer_id,customer_first_name,customer_last_name,customer_phone_number,customer_address) VALUES(22382,'Alan','Eller','(778)-413-8624','515 Sawmill Road, West Haven CT 6516')
INSERT INTO Customers(customer_id,customer_first_name,customer_last_name,customer_phone_number,customer_address) VALUES(22763,'Forrest','Webster','(182)-036-5510','120 Commercial Parkway, Branford CT 6405')
INSERT INTO Customers(customer_id,customer_first_name,customer_last_name,customer_phone_number,customer_address) VALUES(22985,'Rosey','Brown','(616)-360-3340','311 RT 9W, Glenmont NY 12077')
INSERT INTO Customers(customer_id,customer_first_name,customer_last_name,customer_phone_number,customer_address) VALUES(24785,'Willie','Thomas','(783)-428-4730','969 Us Hwy 80 West, Demopolis AL 36732')
INSERT INTO Customers(customer_id,customer_first_name,customer_last_name,customer_phone_number,customer_address) VALUES(59832,'Lou','Matson','(682)-316-5723','3222 State Rt 11, Malone NY 12953')
INSERT INTO Bid(bid,bid_date,bid_amount,bid_start_date,bid_end_date,bid_time_required,bid_approved,bid_total_hours,customer_id) VALUES(152428,'2023-10-10',8195,'2023-08-07','2023-12-03',26,1,305,21648)
INSERT INTO Bid(bid,bid_date,bid_amount,bid_start_date,bid_end_date,bid_time_required,bid_approved,bid_total_hours,customer_id) VALUES(153252,'2023-08-25',3373,'2023-11-19','2023-02-18',21,1,160,18582)
INSERT INTO Bid(bid,bid_date,bid_amount,bid_start_date,bid_end_date,bid_time_required,bid_approved,bid_total_hours,customer_id) VALUES(154195,'2023-07-22',10409,'2023-05-07','2023-10-29',48,1,255,21257)
INSERT INTO Bid(bid,bid_date,bid_amount,bid_start_date,bid_end_date,bid_time_required,bid_approved,bid_total_hours,customer_id) VALUES(158028,'2023-08-02',13207,'2023-09-22','2023-06-13',49,1,420,18325)
INSERT INTO Bid(bid,bid_date,bid_amount,bid_start_date,bid_end_date,bid_time_required,bid_approved,bid_total_hours,customer_id) VALUES(159610,'2023-01-07',9016,'2023-01-12','2023-03-13',30,0,390,16092)
INSERT INTO Bid(bid,bid_date,bid_amount,bid_start_date,bid_end_date,bid_time_required,bid_approved,bid_total_hours,customer_id) VALUES(161894,'2023-10-22',2900,'2023-02-04','2023-09-13',81,0,415,18481)
INSERT INTO Bid(bid,bid_date,bid_amount,bid_start_date,bid_end_date,bid_time_required,bid_approved,bid_total_hours,customer_id) VALUES(162394,'2023-08-14',12022,'2023-09-22','2023-10-29',36,1,210,16847)
INSERT INTO Bid(bid,bid_date,bid_amount,bid_start_date,bid_end_date,bid_time_required,bid_approved,bid_total_hours,customer_id) VALUES(165631,'2023-04-09',4981,'2023-11-19','2023-10-18',84,1,250,17894)
INSERT INTO Bid(bid,bid_date,bid_amount,bid_start_date,bid_end_date,bid_time_required,bid_approved,bid_total_hours,customer_id) VALUES(167766,'2023-10-10',4925,'2023-10-15','2023-12-15',41,1,270,21782)
INSERT INTO Bid(bid,bid_date,bid_amount,bid_start_date,bid_end_date,bid_time_required,bid_approved,bid_total_hours,customer_id) VALUES(167773,'2023-08-02',1639,'2023-01-12','2023-07-06',94,0,315,20218)
INSERT INTO Bid(bid,bid_date,bid_amount,bid_start_date,bid_end_date,bid_time_required,bid_approved,bid_total_hours,customer_id) VALUES(170355,'2023-08-14',837,'2023-07-27','2023-11-21',69,0,60,22985)
INSERT INTO Bid(bid,bid_date,bid_amount,bid_start_date,bid_end_date,bid_time_required,bid_approved,bid_total_hours,customer_id) VALUES(173012,'2023-10-10',14921,'2023-09-11','2023-10-06',75,1,205,19169)
INSERT INTO Bid(bid,bid_date,bid_amount,bid_start_date,bid_end_date,bid_time_required,bid_approved,bid_total_hours,customer_id) VALUES(174134,'2023-02-22',1836,'2023-01-01','2023-10-18',77,1,245,20857)
INSERT INTO Bid(bid,bid_date,bid_amount,bid_start_date,bid_end_date,bid_time_required,bid_approved,bid_total_hours,customer_id) VALUES(180878,'2023-11-14',6898,'2023-06-22','2023-06-02',10,0,380,21740)
INSERT INTO Bid(bid,bid_date,bid_amount,bid_start_date,bid_end_date,bid_time_required,bid_approved,bid_total_hours,customer_id) VALUES(203659,'2023-01-19',2221,'2023-05-07','2023-01-15',88,0,420,16363)
INSERT INTO Bid(bid,bid_date,bid_amount,bid_start_date,bid_end_date,bid_time_required,bid_approved,bid_total_hours,customer_id) VALUES(205265,'2023-05-14',3619,'2023-04-03','2023-04-05',69,1,260,19143)
INSERT INTO Bid(bid,bid_date,bid_amount,bid_start_date,bid_end_date,bid_time_required,bid_approved,bid_total_hours,customer_id) VALUES(207324,'2023-09-17',13704,'2023-08-30','2023-12-15',63,1,155,22382)
INSERT INTO Bid(bid,bid_date,bid_amount,bid_start_date,bid_end_date,bid_time_required,bid_approved,bid_total_hours,customer_id) VALUES(210596,'2023-02-11',13705,'2023-10-27','2023-07-29',48,0,50,21368)
INSERT INTO Bid(bid,bid_date,bid_amount,bid_start_date,bid_end_date,bid_time_required,bid_approved,bid_total_hours,customer_id) VALUES(216978,'2023-10-10',12797,'2023-02-16','2023-05-21',53,1,420,21077)
INSERT INTO Bid(bid,bid_date,bid_amount,bid_start_date,bid_end_date,bid_time_required,bid_approved,bid_total_hours,customer_id) VALUES(217874,'2023-11-26',9636,'2023-01-01','2023-09-13',51,0,445,15942)
INSERT INTO Bid(bid,bid_date,bid_amount,bid_start_date,bid_end_date,bid_time_required,bid_approved,bid_total_hours,customer_id) VALUES(218160,'2023-01-07',13088,'2023-03-11','2023-12-03',87,1,290,24785)
INSERT INTO Bid(bid,bid_date,bid_amount,bid_start_date,bid_end_date,bid_time_required,bid_approved,bid_total_hours,customer_id) VALUES(224554,'2023-07-22',14845,'2023-05-19','2023-10-29',48,0,65,16346)
INSERT INTO Bid(bid,bid_date,bid_amount,bid_start_date,bid_end_date,bid_time_required,bid_approved,bid_total_hours,customer_id) VALUES(225517,'2023-09-29',14756,'2023-08-19','2023-10-29',58,0,200,21484)
INSERT INTO Bid(bid,bid_date,bid_amount,bid_start_date,bid_end_date,bid_time_required,bid_approved,bid_total_hours,customer_id) VALUES(229565,'2023-03-29',10056,'2023-07-15','2023-06-13',13,0,205,5982)
INSERT INTO Bid(bid,bid_date,bid_amount,bid_start_date,bid_end_date,bid_time_required,bid_approved,bid_total_hours,customer_id) VALUES(232508,'2023-09-29',8306,'2023-08-30','2023-03-13',86,0,385,22344)
INSERT INTO Bid(bid,bid_date,bid_amount,bid_start_date,bid_end_date,bid_time_required,bid_approved,bid_total_hours,customer_id) VALUES(233079,'2023-08-14',12475,'2023-03-22','2023-08-10',86,1,230,15111)
INSERT INTO Bid(bid,bid_date,bid_amount,bid_start_date,bid_end_date,bid_time_required,bid_approved,bid_total_hours,customer_id) VALUES(239067,'2023-05-14',3273,'2023-07-04','2023-11-21',68,1,450,22763)
INSERT INTO Bid(bid,bid_date,bid_amount,bid_start_date,bid_end_date,bid_time_required,bid_approved,bid_total_hours,customer_id) VALUES(244049,'2023-05-14',2451,'2023-07-27','2023-07-06',39,0,75,15096)
INSERT INTO Bid(bid,bid_date,bid_amount,bid_start_date,bid_end_date,bid_time_required,bid_approved,bid_total_hours,customer_id) VALUES(245070,'2023-02-11',12828,'2023-01-12','2023-02-07',62,0,65,20664)
INSERT INTO Bid(bid,bid_date,bid_amount,bid_start_date,bid_end_date,bid_time_required,bid_approved,bid_total_hours,customer_id) VALUES(245643,'2023-05-14',12857,'2023-05-19','2023-07-06',31,0,440,15039)
INSERT INTO Repair(repair_id,repair_date,repair_description,repair_start_date,repair_end_date,repair_status,bid) VALUES(37003,'2023-02-22','Seattle Roofing Companies','2023-02-16','2023-04-28',1,167773)
INSERT INTO Repair(repair_id,repair_date,repair_description,repair_start_date,repair_end_date,repair_status,bid) VALUES(37139,'2023-11-14','Handyman.Com','2023-11-19','2023-07-06',0,225517)
INSERT INTO Repair(repair_id,repair_date,repair_description,repair_start_date,repair_end_date,repair_status,bid) VALUES(37255,'2023-07-10','Handyman','2023-08-30','2023-11-10',0,158028)
INSERT INTO Repair(repair_id,repair_date,repair_description,repair_start_date,repair_end_date,repair_status,bid) VALUES(37342,'2023-04-09','Seattle Roofing Companies','2023-01-01','2023-10-06',1,239067)
INSERT INTO Repair(repair_id,repair_date,repair_description,repair_start_date,repair_end_date,repair_status,bid) VALUES(37359,'2023-09-06','Mrhandyman.Com','2023-04-26','2023-12-03',1,153252)
INSERT INTO Repair(repair_id,repair_date,repair_description,repair_start_date,repair_end_date,repair_status,bid) VALUES(37371,'2023-09-17','Handyman Wa','2023-09-11','2023-09-13',1,233079)
INSERT INTO Repair(repair_id,repair_date,repair_description,repair_start_date,repair_end_date,repair_status,bid) VALUES(37390,'2023-03-06','Loews Home Improvement','2023-11-07','2023-03-02',0,152428)
INSERT INTO Repair(repair_id,repair_date,repair_description,repair_start_date,repair_end_date,repair_status,bid) VALUES(37530,'2023-06-17','Home Repair Help','2023-04-03','2023-10-29',0,218160)
INSERT INTO Repair(repair_id,repair_date,repair_description,repair_start_date,repair_end_date,repair_status,bid) VALUES(37555,'2023-04-21','Remodeling Contractors','2023-10-27','2023-03-02',1,245070)
INSERT INTO Repair(repair_id,repair_date,repair_description,repair_start_date,repair_end_date,repair_status,bid) VALUES(37695,'2023-02-22','House Maintenance','2023-06-22','2023-07-18',0,217874)
INSERT INTO Repair(repair_id,repair_date,repair_description,repair_start_date,repair_end_date,repair_status,bid) VALUES(37940,'2022-12-27','Handyman For Hire','2023-02-16','2023-10-29',1,159610)
INSERT INTO Repair(repair_id,repair_date,repair_description,repair_start_date,repair_end_date,repair_status,bid) VALUES(37950,'2023-08-14','Remodeling Seattle Wa','2023-09-22','2023-10-29',1,167766)
INSERT INTO Repair(repair_id,repair_date,repair_description,repair_start_date,repair_end_date,repair_status,bid) VALUES(38153,'2023-06-29','Handyman','2023-07-15','2023-03-25',0,161894)
INSERT INTO Repair(repair_id,repair_date,repair_description,repair_start_date,repair_end_date,repair_status,bid) VALUES(38328,'2023-11-14','Handyman Rates','2023-02-16','2023-06-25',0,229565)
INSERT INTO Repair(repair_id,repair_date,repair_description,repair_start_date,repair_end_date,repair_status,bid) VALUES(38329,'2023-03-06','Handyman Services','2023-09-11','2023-07-18',0,162394)
INSERT INTO Repair(repair_id,repair_date,repair_description,repair_start_date,repair_end_date,repair_status,bid) VALUES(38378,'2023-03-06','Home Handyman','2023-10-27','2023-04-05',0,174134)
INSERT INTO Repair(repair_id,repair_date,repair_description,repair_start_date,repair_end_date,repair_status,bid) VALUES(38381,'2023-08-14','Handyman Franchise','2023-12-01','2023-04-28',0,245643)
INSERT INTO Repair(repair_id,repair_date,repair_description,repair_start_date,repair_end_date,repair_status,bid) VALUES(38513,'2023-11-02','Home Repair And Remodeling','2023-02-27','2023-04-28',0,210596)
INSERT INTO Repair(repair_id,repair_date,repair_description,repair_start_date,repair_end_date,repair_status,bid) VALUES(38537,'2022-12-27','Handyman','2023-12-01','2023-07-18',1,216978)
INSERT INTO Repair(repair_id,repair_date,repair_description,repair_start_date,repair_end_date,repair_status,bid) VALUES(38969,'2023-09-29','Property Maintenance Services','2023-10-04','2023-01-15',0,165631)
INSERT INTO Repair(repair_id,repair_date,repair_description,repair_start_date,repair_end_date,repair_status,bid) VALUES(38991,'2023-02-11','Carpentry','2023-12-01','2023-12-03',0,244049)
INSERT INTO Repair(repair_id,repair_date,repair_description,repair_start_date,repair_end_date,repair_status,bid) VALUES(39004,'2023-06-17','Handyman Plumbing','2023-11-19','2023-10-18',1,170355)
INSERT INTO Repair(repair_id,repair_date,repair_description,repair_start_date,repair_end_date,repair_status,bid) VALUES(39011,'2022-12-27','Plano Handyman','2023-03-11','2023-01-15',0,173012)
INSERT INTO Repair(repair_id,repair_date,repair_description,repair_start_date,repair_end_date,repair_status,bid) VALUES(39099,'2023-03-17','Remodeling Contractors','2023-07-04','2023-12-15',0,224554)
INSERT INTO Repair(repair_id,repair_date,repair_description,repair_start_date,repair_end_date,repair_status,bid) VALUES(39482,'2023-06-17','American Handyman','2023-10-27','2023-06-13',1,232508)
INSERT INTO Repair(repair_id,repair_date,repair_description,repair_start_date,repair_end_date,repair_status,bid) VALUES(39521,'2023-03-06','Home Improvement Contractors','2023-07-15','2023-03-02',0,180878)
INSERT INTO Repair(repair_id,repair_date,repair_description,repair_start_date,repair_end_date,repair_status,bid) VALUES(39563,'2023-03-06','Remodeling Contractors','2023-03-22','2023-03-25',1,203659)
INSERT INTO Repair(repair_id,repair_date,repair_description,repair_start_date,repair_end_date,repair_status,bid) VALUES(39585,'2023-08-25','Thefamilyhandyman','2023-06-11','2023-10-06',0,205265)
INSERT INTO Repair(repair_id,repair_date,repair_description,repair_start_date,repair_end_date,repair_status,bid) VALUES(39709,'2023-11-26','Home Improvement Seattle','2023-04-26','2023-06-13',1,207324)
INSERT INTO Repair(repair_id,repair_date,repair_description,repair_start_date,repair_end_date,repair_status,bid) VALUES(39768,'2023-11-02','Seattle Handyman','2023-10-04','2023-10-06',0,154195)
INSERT INTO CustomerBilling(customer_billing_id,customer_billing_first_name,customer_billing_last_name,customer_billing_date,customer_billing_address,customer_billing_zipcode,customer_billing_total_hours,customer_billing_quantity,customer_billing_amount,customer_billing_description,customer_id) VALUES(4101,'Arnie','Weinmeister','2023-07-10','3100 Hough Rd, Florence AL 35630','36426',89,254,5927,'Handyman Construction',21782)
INSERT INTO CustomerBilling(customer_billing_id,customer_billing_first_name,customer_billing_last_name,customer_billing_date,customer_billing_address,customer_billing_zipcode,customer_billing_total_hours,customer_billing_quantity,customer_billing_amount,customer_billing_description,customer_id) VALUES(4406,'Paul','Warfield','2023-06-29','1970 S University Blvd, Mobile AL 36609','13637',59,308,6474,'Handyman Business Cards',21077)
INSERT INTO CustomerBilling(customer_billing_id,customer_billing_first_name,customer_billing_last_name,customer_billing_date,customer_billing_address,customer_billing_zipcode,customer_billing_total_hours,customer_billing_quantity,customer_billing_amount,customer_billing_description,customer_id) VALUES(8194,'Jimmy','Conzelman','2023-04-21','70 Pleasant Valley Street, Methuen MA 1844','2351',73,747,14509,'Home Repair And Remodeling',21257)
INSERT INTO CustomerBilling(customer_billing_id,customer_billing_first_name,customer_billing_last_name,customer_billing_date,customer_billing_address,customer_billing_zipcode,customer_billing_total_hours,customer_billing_quantity,customer_billing_amount,customer_billing_description,customer_id) VALUES(8220,'Bud','Grant','2023-08-02','1000 State Route 36, Hornell NY 14843','35064',98,107,5950,'Remodeling Tacoma',15942)
INSERT INTO CustomerBilling(customer_billing_id,customer_billing_first_name,customer_billing_last_name,customer_billing_date,customer_billing_address,customer_billing_zipcode,customer_billing_total_hours,customer_billing_quantity,customer_billing_amount,customer_billing_description,customer_id) VALUES(8290,'Anthony','Muñoz','2023-09-06','70 Pleasant Valley Street, Methuen MA 1844','35043',97,669,1246,'Home Maintenance',21740)
INSERT INTO CustomerBilling(customer_billing_id,customer_billing_first_name,customer_billing_last_name,customer_billing_date,customer_billing_address,customer_billing_zipcode,customer_billing_total_hours,customer_billing_quantity,customer_billing_amount,customer_billing_description,customer_id) VALUES(8312,'Dante','Lavelli','2023-03-29','312 Palisades Blvd, Birmingham AL 35209','35016',28,369,12577,'Handyman Matters',20857)
INSERT INTO CustomerBilling(customer_billing_id,customer_billing_first_name,customer_billing_last_name,customer_billing_date,customer_billing_address,customer_billing_zipcode,customer_billing_total_hours,customer_billing_quantity,customer_billing_amount,customer_billing_description,customer_id) VALUES(8322,'Harry','Carson','2023-02-11','970 Torringford Street, Torrington CT 6790','2760',16,142,2171,'Handyman Hardware',15111)
INSERT INTO CustomerBilling(customer_billing_id,customer_billing_first_name,customer_billing_last_name,customer_billing_date,customer_billing_address,customer_billing_zipcode,customer_billing_total_hours,customer_billing_quantity,customer_billing_amount,customer_billing_description,customer_id) VALUES(8325,'Bob','Lilly','2023-11-26','550 Providence Hwy, Walpole MA 2081','36303',59,721,13773,'Remodeling Seattle Wa',21648)
INSERT INTO CustomerBilling(customer_billing_id,customer_billing_first_name,customer_billing_last_name,customer_billing_date,customer_billing_address,customer_billing_zipcode,customer_billing_total_hours,customer_billing_quantity,customer_billing_amount,customer_billing_description,customer_id) VALUES(8355,'Rosey','Brown','2023-11-14','3176 South Eufaula Avenue, Eufaula AL 36027','11735',73,530,5116,'Polyclinic Seattle',22344)
INSERT INTO CustomerBilling(customer_billing_id,customer_billing_first_name,customer_billing_last_name,customer_billing_date,customer_billing_address,customer_billing_zipcode,customer_billing_total_hours,customer_billing_quantity,customer_billing_amount,customer_billing_description,customer_id) VALUES(8401,'Cliff','Battles','2023-07-10','85 Crooked Hill Road, Commack NY 11725','36066',62,554,515,'Northern Handyman',22763)
INSERT INTO CustomerBilling(customer_billing_id,customer_billing_first_name,customer_billing_last_name,customer_billing_date,customer_billing_address,customer_billing_zipcode,customer_billing_total_hours,customer_billing_quantity,customer_billing_amount,customer_billing_description,customer_id) VALUES(8432,'Steve','Sabol','2023-01-19','1706 Military Street South, Hamilton AL 35570','35148',88,921,7640,'Handyman Projects',21368)
INSERT INTO CustomerBilling(customer_billing_id,customer_billing_first_name,customer_billing_last_name,customer_billing_date,customer_billing_address,customer_billing_zipcode,customer_billing_total_hours,customer_billing_quantity,customer_billing_amount,customer_billing_description,customer_id) VALUES(8454,'Dave','Casper','2023-04-09','1970 S University Blvd, Mobile AL 36609','14456',98,625,1160,'Best Handyman',18582)
INSERT INTO CustomerBilling(customer_billing_id,customer_billing_first_name,customer_billing_last_name,customer_billing_date,customer_billing_address,customer_billing_zipcode,customer_billing_total_hours,customer_billing_quantity,customer_billing_amount,customer_billing_description,customer_id) VALUES(8519,'Greasy','Neale','2023-07-22','591 Memorial Dr, Chicopee MA 1020','6776',24,592,8436,'Keyword',5982)
INSERT INTO CustomerBilling(customer_billing_id,customer_billing_first_name,customer_billing_last_name,customer_billing_date,customer_billing_address,customer_billing_zipcode,customer_billing_total_hours,customer_billing_quantity,customer_billing_amount,customer_billing_description,customer_id) VALUES(8572,'Alex','Karras','2023-04-09','30 Catskill, Catskill NY 12414','10901',22,51,2000,'Polyclinic Seattle',20218)
INSERT INTO CustomerBilling(customer_billing_id,customer_billing_first_name,customer_billing_last_name,customer_billing_date,customer_billing_address,customer_billing_zipcode,customer_billing_total_hours,customer_billing_quantity,customer_billing_amount,customer_billing_description,customer_id) VALUES(8612,'John','Hannah','2023-01-30','1201 Rt 300, Newburgh NY 12550','14031',18,210,13784,'House Repairs',22985)
INSERT INTO CustomerBilling(customer_billing_id,customer_billing_first_name,customer_billing_last_name,customer_billing_date,customer_billing_address,customer_billing_zipcode,customer_billing_total_hours,customer_billing_quantity,customer_billing_amount,customer_billing_description,customer_id) VALUES(8636,'Bill','Parcells','2022-12-27','1400 County Rd 64, Horseheads NY 14845','36340',37,727,7805,'Handyman Franchise',16346)
INSERT INTO CustomerBilling(customer_billing_id,customer_billing_first_name,customer_billing_last_name,customer_billing_date,customer_billing_address,customer_billing_zipcode,customer_billing_total_hours,customer_billing_quantity,customer_billing_amount,customer_billing_description,customer_id) VALUES(8649,'Mike','Ditka','2023-01-30','450 Highland Ave, Salem MA 1970','1453',52,12,14061,'Est Avg Cpc',19169)
INSERT INTO CustomerBilling(customer_billing_id,customer_billing_first_name,customer_billing_last_name,customer_billing_date,customer_billing_address,customer_billing_zipcode,customer_billing_total_hours,customer_billing_quantity,customer_billing_amount,customer_billing_description,customer_id) VALUES(8665,'Hank','Stram','2023-07-22','1775 Washington St, Hanover MA 2339','12010',37,445,9381,'Starting A Handyman Business',21484)
INSERT INTO CustomerBilling(customer_billing_id,customer_billing_first_name,customer_billing_last_name,customer_billing_date,customer_billing_address,customer_billing_zipcode,customer_billing_total_hours,customer_billing_quantity,customer_billing_amount,customer_billing_description,customer_id) VALUES(8673,'Mel','Blount','2023-09-17','630 Coonial Promenade Pkwy, Alabaster AL 35007','1082',56,318,12635,'Bathroom Remodeling',22382)
INSERT INTO CustomerBilling(customer_billing_id,customer_billing_first_name,customer_billing_last_name,customer_billing_date,customer_billing_address,customer_billing_zipcode,customer_billing_total_hours,customer_billing_quantity,customer_billing_amount,customer_billing_description,customer_id) VALUES(8731,'Paul','Tagliabue','2023-08-02','180 River Rd, Lisbon CT 6351','1566',73,508,8954,'Est Avg Cpc',15039)
INSERT INTO CustomerBilling(customer_billing_id,customer_billing_first_name,customer_billing_last_name,customer_billing_date,customer_billing_address,customer_billing_zipcode,customer_billing_total_hours,customer_billing_quantity,customer_billing_amount,customer_billing_description,customer_id) VALUES(8757,'Willie','Roaf','2023-02-11','626 Olive Street Sw, Cullman AL 35055','12061',52,428,2696,'Dishwasher Repair Seattle',24785)
INSERT INTO CustomerBilling(customer_billing_id,customer_billing_first_name,customer_billing_last_name,customer_billing_date,customer_billing_address,customer_billing_zipcode,customer_billing_total_hours,customer_billing_quantity,customer_billing_amount,customer_billing_description,customer_id) VALUES(8791,'Bill','Nunn','2023-06-06','501 Willow Lane, Greenville AL 36037','35094',65,16,10174,'Home Maintenance',16363)
INSERT INTO CustomerBilling(customer_billing_id,customer_billing_first_name,customer_billing_last_name,customer_billing_date,customer_billing_address,customer_billing_zipcode,customer_billing_total_hours,customer_billing_quantity,customer_billing_amount,customer_billing_description,customer_id) VALUES(8855,'Walter','Payton','2023-01-07','180 North King Street, Northhampton MA 1060','14454',99,679,14826,'Mr Handyman',20664)
INSERT INTO CustomerBilling(customer_billing_id,customer_billing_first_name,customer_billing_last_name,customer_billing_date,customer_billing_address,customer_billing_zipcode,customer_billing_total_hours,customer_billing_quantity,customer_billing_amount,customer_billing_description,customer_id) VALUES(8900,'Chris','Doleman','2022-12-27','9248 Parkway East, Birmingham AL 35206','1035',58,768,1146,'Handyman Contractor',16092)
INSERT INTO CustomerBilling(customer_billing_id,customer_billing_first_name,customer_billing_last_name,customer_billing_date,customer_billing_address,customer_billing_zipcode,customer_billing_total_hours,customer_billing_quantity,customer_billing_amount,customer_billing_description,customer_id) VALUES(8978,'Franco','Harris','2023-04-21','92 Plaza Lane, Oxford AL 36203','6484',93,655,11085,'Home Maintenance Checklist',15096)
INSERT INTO CustomerBilling(customer_billing_id,customer_billing_first_name,customer_billing_last_name,customer_billing_date,customer_billing_address,customer_billing_zipcode,customer_billing_total_hours,customer_billing_quantity,customer_billing_amount,customer_billing_description,customer_id) VALUES(8983,'Willie','Davis','2023-10-22','3186 Hwy 171 North, Fayette AL 35555','6111',24,254,3748,'Find A Handyman',18481)
INSERT INTO CustomerBilling(customer_billing_id,customer_billing_first_name,customer_billing_last_name,customer_billing_date,customer_billing_address,customer_billing_zipcode,customer_billing_total_hours,customer_billing_quantity,customer_billing_amount,customer_billing_description,customer_id) VALUES(8992,'Arnie','Herber','2023-11-26','103 North Caroline St, Herkimer NY 13350','36274',31,702,3677,'Handyman Insurance',19143)
INSERT INTO CustomerBilling(customer_billing_id,customer_billing_first_name,customer_billing_last_name,customer_billing_date,customer_billing_address,customer_billing_zipcode,customer_billing_total_hours,customer_billing_quantity,customer_billing_amount,customer_billing_description,customer_id) VALUES(8997,'Herb','Adderley','2023-01-19','4206 N College Ave, Jackson AL 36545','1035',46,254,3465,'Seattle Electric',16847)
INSERT INTO CustomerBilling(customer_billing_id,customer_billing_first_name,customer_billing_last_name,customer_billing_date,customer_billing_address,customer_billing_zipcode,customer_billing_total_hours,customer_billing_quantity,customer_billing_amount,customer_billing_description,customer_id) VALUES(9034,'Jack','Butler','2023-09-06','70 Pleasant Valley Street, Methuen MA 1844','1970',88,83,14168,'Handyman Plumber',17894)
INSERT INTO CustomerBilling(customer_billing_id,customer_billing_first_name,customer_billing_last_name,customer_billing_date,customer_billing_address,customer_billing_zipcode,customer_billing_total_hours,customer_billing_quantity,customer_billing_amount,customer_billing_description,customer_id) VALUES(9093,'Mike','Munchak','2023-04-21','515 Sawmill Road, West Haven CT 6516','35501',33,656,2062,'Handyman.Com',18325)
INSERT INTO CustomerInvoice(customer_invoice_id,customer_billing_id,customer_invoice_date,customer_invoice_due_date,customer_invoice_balance_paid_state,customer_invoice_balance,customer_remaining_balance,customer_payment_status) VALUES(11014,8673,'2023-02-22','2023-01-12',1,9676.0,1707.3,1)
INSERT INTO CustomerInvoice(customer_invoice_id,customer_billing_id,customer_invoice_date,customer_invoice_due_date,customer_invoice_balance_paid_state,customer_invoice_balance,customer_remaining_balance,customer_payment_status) VALUES(11044,8612,'2023-09-17','2023-10-27',0,1120.0,7313.599999999999,0)
INSERT INTO CustomerInvoice(customer_invoice_id,customer_billing_id,customer_invoice_date,customer_invoice_due_date,customer_invoice_balance_paid_state,customer_invoice_balance,customer_remaining_balance,customer_payment_status) VALUES(11108,8649,'2023-05-25','2023-02-04',0,2320.0,6376.299999999999,1)
INSERT INTO CustomerInvoice(customer_invoice_id,customer_billing_id,customer_invoice_date,customer_invoice_due_date,customer_invoice_balance_paid_state,customer_invoice_balance,customer_remaining_balance,customer_payment_status) VALUES(11137,8325,'2023-09-17','2023-06-11',1,10428.0,6280.4,0)
INSERT INTO CustomerInvoice(customer_invoice_id,customer_billing_id,customer_invoice_date,customer_invoice_due_date,customer_invoice_balance_paid_state,customer_invoice_balance,customer_remaining_balance,customer_payment_status) VALUES(11168,9093,'2023-01-07','2023-03-11',1,6303.0,1794.8,1)
INSERT INTO CustomerInvoice(customer_invoice_id,customer_billing_id,customer_invoice_date,customer_invoice_due_date,customer_invoice_balance_paid_state,customer_invoice_balance,customer_remaining_balance,customer_payment_status) VALUES(11215,8983,'2023-05-02','2023-03-22',0,9711.0,7716.099999999999,1)
INSERT INTO CustomerInvoice(customer_invoice_id,customer_billing_id,customer_invoice_date,customer_invoice_due_date,customer_invoice_balance_paid_state,customer_invoice_balance,customer_remaining_balance,customer_payment_status) VALUES(11247,8791,'2023-09-17','2023-04-03',0,5425.0,5618.9,1)
INSERT INTO CustomerInvoice(customer_invoice_id,customer_billing_id,customer_invoice_date,customer_invoice_due_date,customer_invoice_balance_paid_state,customer_invoice_balance,customer_remaining_balance,customer_payment_status) VALUES(11324,4101,'2023-02-11','2023-09-11',0,5095.0,6757.799999999999,1)
INSERT INTO CustomerInvoice(customer_invoice_id,customer_billing_id,customer_invoice_date,customer_invoice_due_date,customer_invoice_balance_paid_state,customer_invoice_balance,customer_remaining_balance,customer_payment_status) VALUES(11337,8636,'2023-06-17','2023-10-04',1,10785.0,5784.099999999999,0)
INSERT INTO CustomerInvoice(customer_invoice_id,customer_billing_id,customer_invoice_date,customer_invoice_due_date,customer_invoice_balance_paid_state,customer_invoice_balance,customer_remaining_balance,customer_payment_status) VALUES(11339,4406,'2023-07-10','2023-04-03',0,12610.0,2557.1,1)
INSERT INTO CustomerInvoice(customer_invoice_id,customer_billing_id,customer_invoice_date,customer_invoice_due_date,customer_invoice_balance_paid_state,customer_invoice_balance,customer_remaining_balance,customer_payment_status) VALUES(11383,8519,'2023-01-07','2023-07-15',1,2766.0,7984.9,1)
INSERT INTO CustomerInvoice(customer_invoice_id,customer_billing_id,customer_invoice_date,customer_invoice_due_date,customer_invoice_balance_paid_state,customer_invoice_balance,customer_remaining_balance,customer_payment_status) VALUES(11405,8731,'2023-05-02','2023-03-11',0,9275.0,7223.999999999999,1)
INSERT INTO CustomerInvoice(customer_invoice_id,customer_billing_id,customer_invoice_date,customer_invoice_due_date,customer_invoice_balance_paid_state,customer_invoice_balance,customer_remaining_balance,customer_payment_status) VALUES(11422,8322,'2023-04-09','2023-06-11',0,11407.0,7060.2,0)
INSERT INTO CustomerInvoice(customer_invoice_id,customer_billing_id,customer_invoice_date,customer_invoice_due_date,customer_invoice_balance_paid_state,customer_invoice_balance,customer_remaining_balance,customer_payment_status) VALUES(11489,8454,'2023-08-02','2023-07-27',1,11934.0,1760.5,0)
INSERT INTO CustomerInvoice(customer_invoice_id,customer_billing_id,customer_invoice_date,customer_invoice_due_date,customer_invoice_balance_paid_state,customer_invoice_balance,customer_remaining_balance,customer_payment_status) VALUES(11506,8978,'2023-08-02','2023-08-30',1,7181.0,4218.9,1)
INSERT INTO CustomerInvoice(customer_invoice_id,customer_billing_id,customer_invoice_date,customer_invoice_due_date,customer_invoice_balance_paid_state,customer_invoice_balance,customer_remaining_balance,customer_payment_status) VALUES(11535,8432,'2022-12-27','2023-11-19',0,10251.0,7313.599999999999,0)
INSERT INTO CustomerInvoice(customer_invoice_id,customer_billing_id,customer_invoice_date,customer_invoice_due_date,customer_invoice_balance_paid_state,customer_invoice_balance,customer_remaining_balance,customer_payment_status) VALUES(11573,9034,'2023-04-21','2023-12-01',1,2851.0,9161.599999999999,0)
INSERT INTO CustomerInvoice(customer_invoice_id,customer_billing_id,customer_invoice_date,customer_invoice_due_date,customer_invoice_balance_paid_state,customer_invoice_balance,customer_remaining_balance,customer_payment_status) VALUES(11601,8220,'2023-03-29','2023-08-19',0,12524.0,5152.7,1)
INSERT INTO CustomerInvoice(customer_invoice_id,customer_billing_id,customer_invoice_date,customer_invoice_due_date,customer_invoice_balance_paid_state,customer_invoice_balance,customer_remaining_balance,customer_payment_status) VALUES(11604,8997,'2023-09-06','2023-02-16',0,12479.0,6031.2,0)
INSERT INTO CustomerInvoice(customer_invoice_id,customer_billing_id,customer_invoice_date,customer_invoice_due_date,customer_invoice_balance_paid_state,customer_invoice_balance,customer_remaining_balance,customer_payment_status) VALUES(11744,8855,'2023-08-02','2023-10-15',0,256.0,7711.9,1)
INSERT INTO CustomerInvoice(customer_invoice_id,customer_billing_id,customer_invoice_date,customer_invoice_due_date,customer_invoice_balance_paid_state,customer_invoice_balance,customer_remaining_balance,customer_payment_status) VALUES(11759,8665,'2023-01-30','2023-06-22',1,603.0,5450.2,0)
INSERT INTO CustomerInvoice(customer_invoice_id,customer_billing_id,customer_invoice_date,customer_invoice_due_date,customer_invoice_balance_paid_state,customer_invoice_balance,customer_remaining_balance,customer_payment_status) VALUES(11818,8992,'2023-06-17','2023-09-22',0,1629.0,10236.8,1)
INSERT INTO CustomerInvoice(customer_invoice_id,customer_billing_id,customer_invoice_date,customer_invoice_due_date,customer_invoice_balance_paid_state,customer_invoice_balance,customer_remaining_balance,customer_payment_status) VALUES(11830,8312,'2023-10-22','2023-09-11',1,7898.0,2291.1,1)
INSERT INTO CustomerInvoice(customer_invoice_id,customer_billing_id,customer_invoice_date,customer_invoice_due_date,customer_invoice_balance_paid_state,customer_invoice_balance,customer_remaining_balance,customer_payment_status) VALUES(11872,8401,'2023-10-10','2023-06-11',1,10573.0,4099.9,0)
INSERT INTO CustomerInvoice(customer_invoice_id,customer_billing_id,customer_invoice_date,customer_invoice_due_date,customer_invoice_balance_paid_state,customer_invoice_balance,customer_remaining_balance,customer_payment_status) VALUES(11901,8194,'2023-01-07','2023-05-30',1,14321.0,7236.599999999999,0)
INSERT INTO CustomerInvoice(customer_invoice_id,customer_billing_id,customer_invoice_date,customer_invoice_due_date,customer_invoice_balance_paid_state,customer_invoice_balance,customer_remaining_balance,customer_payment_status) VALUES(11924,8572,'2023-08-14','2023-02-04',0,13373.0,1904.6999999999998,1)
INSERT INTO CustomerInvoice(customer_invoice_id,customer_billing_id,customer_invoice_date,customer_invoice_due_date,customer_invoice_balance_paid_state,customer_invoice_balance,customer_remaining_balance,customer_payment_status) VALUES(11932,8355,'2023-10-22','2023-02-04',1,6327.0,3590.9999999999995,1)
INSERT INTO CustomerInvoice(customer_invoice_id,customer_billing_id,customer_invoice_date,customer_invoice_due_date,customer_invoice_balance_paid_state,customer_invoice_balance,customer_remaining_balance,customer_payment_status) VALUES(11974,8290,'2023-10-10','2023-07-04',1,9213.0,3385.2,1)
INSERT INTO CustomerInvoice(customer_invoice_id,customer_billing_id,customer_invoice_date,customer_invoice_due_date,customer_invoice_balance_paid_state,customer_invoice_balance,customer_remaining_balance,customer_payment_status) VALUES(11995,8757,'2023-05-02','2023-04-03',1,11748.0,6636.7,1)
INSERT INTO CustomerInvoice(customer_invoice_id,customer_billing_id,customer_invoice_date,customer_invoice_due_date,customer_invoice_balance_paid_state,customer_invoice_balance,customer_remaining_balance,customer_payment_status) VALUES(11999,8900,'2023-09-06','2023-03-22',1,13075.0,1026.8999999999999,1)
INSERT INTO CustomerPayment(payment_id,customer_invoice_id,customer_payment_amount,customer_payment_due_date) VALUES(1018,11999,8723.0,'2023-10-22')
INSERT INTO CustomerPayment(payment_id,customer_invoice_id,customer_payment_amount,customer_payment_due_date) VALUES(1030,11108,2666.0,'2023-10-22')
INSERT INTO CustomerPayment(payment_id,customer_invoice_id,customer_payment_amount,customer_payment_due_date) VALUES(1130,11604,12644.0,'2023-08-02')
INSERT INTO CustomerPayment(payment_id,customer_invoice_id,customer_payment_amount,customer_payment_due_date) VALUES(1144,11974,6979.0,'2023-03-29')
INSERT INTO CustomerPayment(payment_id,customer_invoice_id,customer_payment_amount,customer_payment_due_date) VALUES(1162,11759,13360.0,'2023-04-21')
INSERT INTO CustomerPayment(payment_id,customer_invoice_id,customer_payment_amount,customer_payment_due_date) VALUES(1216,11324,14921.0,'2023-06-06')
INSERT INTO CustomerPayment(payment_id,customer_invoice_id,customer_payment_amount,customer_payment_due_date) VALUES(1219,11818,820.0,'2023-11-14')
INSERT INTO CustomerPayment(payment_id,customer_invoice_id,customer_payment_amount,customer_payment_due_date) VALUES(1230,11168,10518.0,'2023-02-11')
INSERT INTO CustomerPayment(payment_id,customer_invoice_id,customer_payment_amount,customer_payment_due_date) VALUES(1276,11872,4807.0,'2023-10-22')
INSERT INTO CustomerPayment(payment_id,customer_invoice_id,customer_payment_amount,customer_payment_due_date) VALUES(1281,11573,4299.0,'2023-06-17')
INSERT INTO CustomerPayment(payment_id,customer_invoice_id,customer_payment_amount,customer_payment_due_date) VALUES(1282,11422,8233.0,'2023-07-10')
INSERT INTO CustomerPayment(payment_id,customer_invoice_id,customer_payment_amount,customer_payment_due_date) VALUES(1310,11995,5425.0,'2023-08-25')
INSERT INTO CustomerPayment(payment_id,customer_invoice_id,customer_payment_amount,customer_payment_due_date) VALUES(1356,11247,4307.0,'2023-01-07')
INSERT INTO CustomerPayment(payment_id,customer_invoice_id,customer_payment_amount,customer_payment_due_date) VALUES(1380,11383,12871.0,'2023-06-17')
INSERT INTO CustomerPayment(payment_id,customer_invoice_id,customer_payment_amount,customer_payment_due_date) VALUES(1406,11535,11433.0,'2023-04-09')
INSERT INTO CustomerPayment(payment_id,customer_invoice_id,customer_payment_amount,customer_payment_due_date) VALUES(1484,11924,2617.0,'2023-08-14')
INSERT INTO CustomerPayment(payment_id,customer_invoice_id,customer_payment_amount,customer_payment_due_date) VALUES(1493,11744,8420.0,'2023-03-17')
INSERT INTO CustomerPayment(payment_id,customer_invoice_id,customer_payment_amount,customer_payment_due_date) VALUES(1494,11830,14168.0,'2023-09-29')
INSERT INTO CustomerPayment(payment_id,customer_invoice_id,customer_payment_amount,customer_payment_due_date) VALUES(1620,11014,9752.0,'2023-09-06')
INSERT INTO CustomerPayment(payment_id,customer_invoice_id,customer_payment_amount,customer_payment_due_date) VALUES(1659,11215,8984.0,'2023-09-29')
INSERT INTO CustomerPayment(payment_id,customer_invoice_id,customer_payment_amount,customer_payment_due_date) VALUES(1664,11137,2799.0,'2023-08-02')
INSERT INTO CustomerPayment(payment_id,customer_invoice_id,customer_payment_amount,customer_payment_due_date) VALUES(1744,11932,14561.0,'2023-03-06')
INSERT INTO CustomerPayment(payment_id,customer_invoice_id,customer_payment_amount,customer_payment_due_date) VALUES(1748,11405,12686.0,'2023-10-10')
INSERT INTO CustomerPayment(payment_id,customer_invoice_id,customer_payment_amount,customer_payment_due_date) VALUES(1803,11601,10320.0,'2023-11-02')
INSERT INTO CustomerPayment(payment_id,customer_invoice_id,customer_payment_amount,customer_payment_due_date) VALUES(1840,11489,10775.0,'2022-12-27')
INSERT INTO CustomerPayment(payment_id,customer_invoice_id,customer_payment_amount,customer_payment_due_date) VALUES(1869,11044,4981.0,'2023-07-22')
INSERT INTO CustomerPayment(payment_id,customer_invoice_id,customer_payment_amount,customer_payment_due_date) VALUES(1881,11506,11402.0,'2023-09-29')
INSERT INTO CustomerPayment(payment_id,customer_invoice_id,customer_payment_amount,customer_payment_due_date) VALUES(1910,11901,11245.0,'2023-09-06')
INSERT INTO CustomerPayment(payment_id,customer_invoice_id,customer_payment_amount,customer_payment_due_date) VALUES(1936,11337,752.0,'2023-09-06')
INSERT INTO CustomerPayment(payment_id,customer_invoice_id,customer_payment_amount,customer_payment_due_date) VALUES(1940,11339,7180.0,'2023-09-29')
INSERT INTO CustomerPayment(payment_id,customer_invoice_id,customer_payment_amount,customer_payment_due_date) VALUES(19918,11999,8723.0,'1905-06-15')
INSERT INTO SupplierBilling(supplier_id,supplier_name,supplier_address,supplier_zipcode,supplier_phone_number,supplier_billing_date,supplier_billing_amount,supplier_billing_quantity,supplier_biling_total_hours,supplier_billing_description) VALUES(3008,'Woodstock Home & Hardware','220 Salem Turnpike, Norwich CT 6360','36203','(372)-101-7164','2023-03-17',9730.0,668,15,'Carpentry')
INSERT INTO SupplierBilling(supplier_id,supplier_name,supplier_address,supplier_zipcode,supplier_phone_number,supplier_billing_date,supplier_billing_amount,supplier_billing_quantity,supplier_biling_total_hours,supplier_billing_description) VALUES(3058,'Glenn’s True Value','3018 East Ave, Central Square NY 13036','2339','(556)-236-3586','2023-09-06',10198.0,279,43,'Handyman Services')
INSERT INTO SupplierBilling(supplier_id,supplier_name,supplier_address,supplier_zipcode,supplier_phone_number,supplier_billing_date,supplier_billing_amount,supplier_billing_quantity,supplier_biling_total_hours,supplier_billing_description) VALUES(3065,'Stine Lumber','1972 Hwy 431, Boaz AL 35957','1364','(435)-725-3207','2023-10-10',7361.0,364,76,'Home Improvement Contractors')
INSERT INTO SupplierBilling(supplier_id,supplier_name,supplier_address,supplier_zipcode,supplier_phone_number,supplier_billing_date,supplier_billing_amount,supplier_billing_quantity,supplier_biling_total_hours,supplier_billing_description) VALUES(3076,'Ace Alameda Station','279 Troy Road, East Greenbush NY 12061','14411','(478)-327-1838','2023-07-22',2046.0,742,87,'Handyman House')
INSERT INTO SupplierBilling(supplier_id,supplier_name,supplier_address,supplier_zipcode,supplier_phone_number,supplier_billing_date,supplier_billing_amount,supplier_billing_quantity,supplier_biling_total_hours,supplier_billing_description) VALUES(3077,'McFadden-Dale Hardware','970 Torringford Street, Torrington CT 6790','2338','(547)-067-3883','2023-11-02',1387.0,980,31,'Handyman Connection')
INSERT INTO SupplierBilling(supplier_id,supplier_name,supplier_address,supplier_zipcode,supplier_phone_number,supplier_billing_date,supplier_billing_amount,supplier_billing_quantity,supplier_biling_total_hours,supplier_billing_description) VALUES(3141,'A few cool hardware stores','1537 Hwy 231 South, Ozark AL 36360','35064','(287)-217-2740','2023-06-17',1820.0,469,23,'Loews Home Improvement')
INSERT INTO SupplierBilling(supplier_id,supplier_name,supplier_address,supplier_zipcode,supplier_phone_number,supplier_billing_date,supplier_billing_amount,supplier_billing_quantity,supplier_biling_total_hours,supplier_billing_description) VALUES(3198,'L.L. Green’s','7855 Moffett Rd, Semmes AL 36575','11953','(344)-564-7011','2023-02-11',1236.0,820,50,'Seattle Contractors')
INSERT INTO SupplierBilling(supplier_id,supplier_name,supplier_address,supplier_zipcode,supplier_phone_number,supplier_billing_date,supplier_billing_amount,supplier_billing_quantity,supplier_biling_total_hours,supplier_billing_description) VALUES(3206,'Kohl’s Hardware & Lumber','9248 Parkway East, Birmingham AL 35206','2081','(626)-014-7247','2023-05-14',10289.0,539,34,'Remodeling')
INSERT INTO SupplierBilling(supplier_id,supplier_name,supplier_address,supplier_zipcode,supplier_phone_number,supplier_billing_date,supplier_billing_amount,supplier_billing_quantity,supplier_biling_total_hours,supplier_billing_description) VALUES(3222,'Gosline’s Hardware','1100 New Haven Road, Naugatuck CT 6770','35124','(117)-040-3321','2023-05-14',9608.0,389,44,'Home Maintenance')
INSERT INTO SupplierBilling(supplier_id,supplier_name,supplier_address,supplier_zipcode,supplier_phone_number,supplier_billing_date,supplier_billing_amount,supplier_billing_quantity,supplier_biling_total_hours,supplier_billing_description) VALUES(3319,'Stine Lumber','145 Kelley Blvd, Millbrook AL 36054','1905','(445)-050-1006','2023-03-17',3370.0,622,90,'Bathroom Remodel Seattle')
INSERT INTO SupplierBilling(supplier_id,supplier_name,supplier_address,supplier_zipcode,supplier_phone_number,supplier_billing_date,supplier_billing_amount,supplier_billing_quantity,supplier_biling_total_hours,supplier_billing_description) VALUES(3340,'Sun Valley Do it Best Hardware','1420 Us 231 South, Troy AL 36081','36081','(672)-632-2068','2023-01-19',6063.0,151,33,'Building Maintenance')
INSERT INTO SupplierBilling(supplier_id,supplier_name,supplier_address,supplier_zipcode,supplier_phone_number,supplier_billing_date,supplier_billing_amount,supplier_billing_quantity,supplier_biling_total_hours,supplier_billing_description) VALUES(3364,'Hooten’s Hardware','41301 US Hwy 280, Sylacauga AL 35150','2338','(774)-801-8003','2023-11-02',8805.0,682,46,'Handyman Franchise')
INSERT INTO SupplierBilling(supplier_id,supplier_name,supplier_address,supplier_zipcode,supplier_phone_number,supplier_billing_date,supplier_billing_amount,supplier_billing_quantity,supplier_biling_total_hours,supplier_billing_description) VALUES(3377,'Andy’s Ace Hardware','495 Flatbush Ave, Hartford CT 6106','36426','(783)-672-8257','2023-01-19',14179.0,852,83,'Remodeling Seattle')
INSERT INTO SupplierBilling(supplier_id,supplier_name,supplier_address,supplier_zipcode,supplier_phone_number,supplier_billing_date,supplier_billing_amount,supplier_billing_quantity,supplier_biling_total_hours,supplier_billing_description) VALUES(3390,'Pleasants Hardware','155 Waterford Parkway No, Waterford CT 6385','6385','(684)-572-6226','2023-06-17',11335.0,360,68,'Remodeling Seattle')
INSERT INTO SupplierBilling(supplier_id,supplier_name,supplier_address,supplier_zipcode,supplier_phone_number,supplier_billing_date,supplier_billing_amount,supplier_billing_quantity,supplier_biling_total_hours,supplier_billing_description) VALUES(3412,'Yeager Ace Hardware','3018 East Ave, Central Square NY 13036','36533','(833)-621-2618','2023-09-06',6759.0,778,10,'Thefamilyhandyman')
INSERT INTO SupplierBilling(supplier_id,supplier_name,supplier_address,supplier_zipcode,supplier_phone_number,supplier_billing_date,supplier_billing_amount,supplier_billing_quantity,supplier_biling_total_hours,supplier_billing_description) VALUES(3424,'Home Hardware & Supply','5399 W Genesse St, Camillus NY 13031','1970','(531)-117-2883','2023-08-25',7195.0,57,10,'Home Improvement Seattle')
INSERT INTO SupplierBilling(supplier_id,supplier_name,supplier_address,supplier_zipcode,supplier_phone_number,supplier_billing_date,supplier_billing_amount,supplier_billing_quantity,supplier_biling_total_hours,supplier_billing_description) VALUES(3460,'Sun Valley Do it Best Hardware','2200 South Mckenzie St, Foley AL 36535','12205','(343)-888-0360','2023-03-29',4299.0,667,98,'Home Repair And Remodeling')
INSERT INTO SupplierBilling(supplier_id,supplier_name,supplier_address,supplier_zipcode,supplier_phone_number,supplier_billing_date,supplier_billing_amount,supplier_billing_quantity,supplier_biling_total_hours,supplier_billing_description) VALUES(3472,'Hardware Hawaii','677 Timpany Blvd, Gardner MA 1440','1532','(283)-547-1078','2023-01-30',3742.0,312,81,'Local Handyman')
INSERT INTO SupplierBilling(supplier_id,supplier_name,supplier_address,supplier_zipcode,supplier_phone_number,supplier_billing_date,supplier_billing_amount,supplier_billing_quantity,supplier_biling_total_hours,supplier_billing_description) VALUES(3480,'Yeager Ace Hardware','27520 Hwy 98, Daphne AL 36526','6513','(273)-616-0573','2023-11-14',2682.0,151,86,'Handyman For Hire')
INSERT INTO SupplierBilling(supplier_id,supplier_name,supplier_address,supplier_zipcode,supplier_phone_number,supplier_billing_date,supplier_billing_amount,supplier_billing_quantity,supplier_biling_total_hours,supplier_billing_description) VALUES(3493,'Yeager Ace Hardware','630 Coonial Promenade Pkwy, Alabaster AL 35007','12524','(473)-472-5751','2023-02-11',2982.0,98,88,'Seattle Roofing Companies')
INSERT INTO SupplierBilling(supplier_id,supplier_name,supplier_address,supplier_zipcode,supplier_phone_number,supplier_billing_date,supplier_billing_amount,supplier_billing_quantity,supplier_biling_total_hours,supplier_billing_description) VALUES(3496,'Hyde Brothers True Value','690 Hwy 78, Sumiton AL 35148','13413','(311)-382-1220','2023-06-06',3347.0,709,79,'Handyman Connection')
INSERT INTO SupplierBilling(supplier_id,supplier_name,supplier_address,supplier_zipcode,supplier_phone_number,supplier_billing_date,supplier_billing_amount,supplier_billing_quantity,supplier_biling_total_hours,supplier_billing_description) VALUES(3552,'Chevy Chase Hardware','591 Memorial Dr, Chicopee MA 1020','12205','(876)-403-0581','2023-08-02',6979.0,174,49,'Home Improvement Services')
INSERT INTO SupplierBilling(supplier_id,supplier_name,supplier_address,supplier_zipcode,supplier_phone_number,supplier_billing_date,supplier_billing_amount,supplier_billing_quantity,supplier_biling_total_hours,supplier_billing_description) VALUES(3631,'Glenn’s True Value','85 Crooked Hill Road, Commack NY 11725','6514','(632)-381-0010','2023-03-17',5775.0,82,34,'Remodeling Seattle Wa')
INSERT INTO SupplierBilling(supplier_id,supplier_name,supplier_address,supplier_zipcode,supplier_phone_number,supplier_billing_date,supplier_billing_amount,supplier_billing_quantity,supplier_biling_total_hours,supplier_billing_description) VALUES(3665,'Hooten’s Hardware','973 Gilbert Ferry Road Se, Attalla AL 35954','2169','(578)-084-4423','2023-07-22',982.0,661,35,'Handyman Repairs')
INSERT INTO SupplierBilling(supplier_id,supplier_name,supplier_address,supplier_zipcode,supplier_phone_number,supplier_billing_date,supplier_billing_amount,supplier_billing_quantity,supplier_biling_total_hours,supplier_billing_description) VALUES(3762,'Hometown Hardware','630 Coonial Promenade Pkwy, Alabaster AL 35007','6437','(742)-148-6848','2023-02-11',3176.0,623,48,'Mr Handyman')
INSERT INTO SupplierBilling(supplier_id,supplier_name,supplier_address,supplier_zipcode,supplier_phone_number,supplier_billing_date,supplier_billing_amount,supplier_billing_quantity,supplier_biling_total_hours,supplier_billing_description) VALUES(3884,'Prescott True Value','750 Academy Drive, Bessemer AL 35022','2360','(842)-865-8847','2023-03-17',5809.0,173,31,'Refrigerator Repair Seattle')
INSERT INTO SupplierBilling(supplier_id,supplier_name,supplier_address,supplier_zipcode,supplier_phone_number,supplier_billing_date,supplier_billing_amount,supplier_billing_quantity,supplier_biling_total_hours,supplier_billing_description) VALUES(3887,'Dickinson True Value','5399 W Genesse St, Camillus NY 13031','2760','(242)-535-2511','2023-03-29',9101.0,459,30,'Polyclinic Seattle')
INSERT INTO SupplierBilling(supplier_id,supplier_name,supplier_address,supplier_zipcode,supplier_phone_number,supplier_billing_date,supplier_billing_amount,supplier_billing_quantity,supplier_biling_total_hours,supplier_billing_description) VALUES(3932,'Ace Hardware Buffalo','279 Troy Road, East Greenbush NY 12061','6854','(462)-003-6248','2023-03-06',7854.0,160,50,'Home Maintenance')
INSERT INTO SupplierBilling(supplier_id,supplier_name,supplier_address,supplier_zipcode,supplier_phone_number,supplier_billing_date,supplier_billing_amount,supplier_billing_quantity,supplier_biling_total_hours,supplier_billing_description) VALUES(3959,'Kohl’s Hardware & Lumber','2453 2Nd Avenue East, Oneonta AL 35121  205-625-647','2339','(626)-384-3624','2023-11-02',735.0,392,71,'Remodeling Contractors')
INSERT INTO SupplierBilling(supplier_id,supplier_name,supplier_address,supplier_zipcode,supplier_phone_number,supplier_billing_date,supplier_billing_amount,supplier_billing_quantity,supplier_biling_total_hours,supplier_billing_description) VALUES(3970,'Andy’s Ace Hardware','67 Newton Rd, Danbury CT 6810','36066','(423)-130-5480','2023-10-22',1211.0,727,83,'General Contractor')
INSERT INTO SupplierInvoice(invoice_id,supplier_id,supplier_invoice_date,supplier_invoice_due_date,supplier_invoice_balance,supplier_invoice_remaining_balance,supplier_invoice_balance_paid_date,supplier_invoice_payment_status) VALUES(5017,3493,'2023-02-16','2023-08-10','1936-06-27',12779.0,'2023-02-11',1)
INSERT INTO SupplierInvoice(invoice_id,supplier_id,supplier_invoice_date,supplier_invoice_due_date,supplier_invoice_balance,supplier_invoice_remaining_balance,supplier_invoice_balance_paid_date,supplier_invoice_payment_status) VALUES(5088,3077,'2023-12-01','2023-03-13','1917-12-05',3789.0,'2023-11-02',1)
INSERT INTO SupplierInvoice(invoice_id,supplier_id,supplier_invoice_date,supplier_invoice_due_date,supplier_invoice_balance,supplier_invoice_remaining_balance,supplier_invoice_balance_paid_date,supplier_invoice_payment_status) VALUES(5130,3552,'2023-02-27','2023-10-18','1913-12-16',11428.0,'2023-08-14',1)
INSERT INTO SupplierInvoice(invoice_id,supplier_id,supplier_invoice_date,supplier_invoice_due_date,supplier_invoice_balance,supplier_invoice_remaining_balance,supplier_invoice_balance_paid_date,supplier_invoice_payment_status) VALUES(5135,3319,'2023-01-01','2023-06-25','1910-03-23',6027.0,'2023-04-09',0)
INSERT INTO SupplierInvoice(invoice_id,supplier_id,supplier_invoice_date,supplier_invoice_due_date,supplier_invoice_balance,supplier_invoice_remaining_balance,supplier_invoice_balance_paid_date,supplier_invoice_payment_status) VALUES(5197,3390,'2023-09-11','2023-06-02','1925-04-18',5663.0,'2023-04-21',0)
INSERT INTO SupplierInvoice(invoice_id,supplier_id,supplier_invoice_date,supplier_invoice_due_date,supplier_invoice_balance,supplier_invoice_remaining_balance,supplier_invoice_balance_paid_date,supplier_invoice_payment_status) VALUES(5206,3424,'2023-05-30','2023-01-15','1939-03-19',5775.0,'2023-07-22',1)
INSERT INTO SupplierInvoice(invoice_id,supplier_id,supplier_invoice_date,supplier_invoice_due_date,supplier_invoice_balance,supplier_invoice_remaining_balance,supplier_invoice_balance_paid_date,supplier_invoice_payment_status) VALUES(5215,3206,'2023-02-04','2023-07-18','1927-09-28',735.0,'2023-08-02',1)
INSERT INTO SupplierInvoice(invoice_id,supplier_id,supplier_invoice_date,supplier_invoice_due_date,supplier_invoice_balance,supplier_invoice_remaining_balance,supplier_invoice_balance_paid_date,supplier_invoice_payment_status) VALUES(5257,3496,'2023-01-01','2023-10-18','1908-10-21',14041.0,'2023-09-17',1)
INSERT INTO SupplierInvoice(invoice_id,supplier_id,supplier_invoice_date,supplier_invoice_due_date,supplier_invoice_balance,supplier_invoice_remaining_balance,supplier_invoice_balance_paid_date,supplier_invoice_payment_status) VALUES(5357,3198,'2023-08-07','2023-06-02','1922-09-18',1422.0,'2022-12-27',0)
INSERT INTO SupplierInvoice(invoice_id,supplier_id,supplier_invoice_date,supplier_invoice_due_date,supplier_invoice_balance,supplier_invoice_remaining_balance,supplier_invoice_balance_paid_date,supplier_invoice_payment_status) VALUES(5428,3932,'2023-02-04','2023-01-15','1932-10-21',6331.0,'2023-03-17',1)
INSERT INTO SupplierInvoice(invoice_id,supplier_id,supplier_invoice_date,supplier_invoice_due_date,supplier_invoice_balance,supplier_invoice_remaining_balance,supplier_invoice_balance_paid_date,supplier_invoice_payment_status) VALUES(5440,3472,'2023-07-27','2023-11-10','1923-02-23',6759.0,'2023-11-14',1)
INSERT INTO SupplierInvoice(invoice_id,supplier_id,supplier_invoice_date,supplier_invoice_due_date,supplier_invoice_balance,supplier_invoice_remaining_balance,supplier_invoice_balance_paid_date,supplier_invoice_payment_status) VALUES(5471,3884,'2023-08-19','2023-11-21','1939-07-25',9986.0,'2023-03-17',0)
INSERT INTO SupplierInvoice(invoice_id,supplier_id,supplier_invoice_date,supplier_invoice_due_date,supplier_invoice_balance,supplier_invoice_remaining_balance,supplier_invoice_balance_paid_date,supplier_invoice_payment_status) VALUES(5481,3959,'2023-04-14','2023-06-25','1938-07-02',5130.0,'2023-09-29',0)
INSERT INTO SupplierInvoice(invoice_id,supplier_id,supplier_invoice_date,supplier_invoice_due_date,supplier_invoice_balance,supplier_invoice_remaining_balance,supplier_invoice_balance_paid_date,supplier_invoice_payment_status) VALUES(5490,3141,'2023-02-04','2023-12-15','1938-08-11',9648.0,'2023-10-22',0)
INSERT INTO SupplierInvoice(invoice_id,supplier_id,supplier_invoice_date,supplier_invoice_due_date,supplier_invoice_balance,supplier_invoice_remaining_balance,supplier_invoice_balance_paid_date,supplier_invoice_payment_status) VALUES(5497,3364,'2023-02-27','2023-11-10','1900-12-02',8972.0,'2023-06-29',0)
INSERT INTO SupplierInvoice(invoice_id,supplier_id,supplier_invoice_date,supplier_invoice_due_date,supplier_invoice_balance,supplier_invoice_remaining_balance,supplier_invoice_balance_paid_date,supplier_invoice_payment_status) VALUES(5515,3058,'2023-01-01','2023-02-18','1910-04-13',14952.0,'2023-01-07',0)
INSERT INTO SupplierInvoice(invoice_id,supplier_id,supplier_invoice_date,supplier_invoice_due_date,supplier_invoice_balance,supplier_invoice_remaining_balance,supplier_invoice_balance_paid_date,supplier_invoice_payment_status) VALUES(5557,3076,'2023-01-12','2023-01-15','1907-04-21',7733.0,'2023-06-29',0)
INSERT INTO SupplierInvoice(invoice_id,supplier_id,supplier_invoice_date,supplier_invoice_due_date,supplier_invoice_balance,supplier_invoice_remaining_balance,supplier_invoice_balance_paid_date,supplier_invoice_payment_status) VALUES(5562,3222,'2023-10-27','2023-04-05','1932-04-06',5116.0,'2023-11-26',0)
INSERT INTO SupplierInvoice(invoice_id,supplier_id,supplier_invoice_date,supplier_invoice_due_date,supplier_invoice_balance,supplier_invoice_remaining_balance,supplier_invoice_balance_paid_date,supplier_invoice_payment_status) VALUES(5575,3762,'2023-10-15','2023-10-06','1914-01-27',12087.0,'2023-09-29',0)
INSERT INTO SupplierInvoice(invoice_id,supplier_id,supplier_invoice_date,supplier_invoice_due_date,supplier_invoice_balance,supplier_invoice_remaining_balance,supplier_invoice_balance_paid_date,supplier_invoice_payment_status) VALUES(5609,3065,'2023-11-19','2023-10-29','1905-09-13',9275.0,'2023-01-19',0)
INSERT INTO SupplierInvoice(invoice_id,supplier_id,supplier_invoice_date,supplier_invoice_due_date,supplier_invoice_balance,supplier_invoice_remaining_balance,supplier_invoice_balance_paid_date,supplier_invoice_payment_status) VALUES(5635,3412,'2023-09-11','2023-10-18','1939-12-09',970.0,'2023-09-29',0)
INSERT INTO SupplierInvoice(invoice_id,supplier_id,supplier_invoice_date,supplier_invoice_due_date,supplier_invoice_balance,supplier_invoice_remaining_balance,supplier_invoice_balance_paid_date,supplier_invoice_payment_status) VALUES(5658,3887,'2023-06-22','2023-12-03','1910-07-11',5857.0,'2023-05-02',0)
INSERT INTO SupplierInvoice(invoice_id,supplier_id,supplier_invoice_date,supplier_invoice_due_date,supplier_invoice_balance,supplier_invoice_remaining_balance,supplier_invoice_balance_paid_date,supplier_invoice_payment_status) VALUES(5681,3377,'2023-06-11','2023-08-10','1911-08-24',901.0,'2023-11-14',0)
INSERT INTO SupplierInvoice(invoice_id,supplier_id,supplier_invoice_date,supplier_invoice_due_date,supplier_invoice_balance,supplier_invoice_remaining_balance,supplier_invoice_balance_paid_date,supplier_invoice_payment_status) VALUES(5750,3008,'2023-04-03','2023-04-17','1930-04-29',6329.0,'2023-02-22',0)
INSERT INTO SupplierInvoice(invoice_id,supplier_id,supplier_invoice_date,supplier_invoice_due_date,supplier_invoice_balance,supplier_invoice_remaining_balance,supplier_invoice_balance_paid_date,supplier_invoice_payment_status) VALUES(5759,3480,'2023-02-16','2023-10-06','1934-12-22',1923.0,'2023-01-30',0)
INSERT INTO SupplierInvoice(invoice_id,supplier_id,supplier_invoice_date,supplier_invoice_due_date,supplier_invoice_balance,supplier_invoice_remaining_balance,supplier_invoice_balance_paid_date,supplier_invoice_payment_status) VALUES(5763,3631,'2023-11-07','2023-10-29','1905-05-30',7573.0,'2023-05-25',1)
INSERT INTO SupplierInvoice(invoice_id,supplier_id,supplier_invoice_date,supplier_invoice_due_date,supplier_invoice_balance,supplier_invoice_remaining_balance,supplier_invoice_balance_paid_date,supplier_invoice_payment_status) VALUES(5781,3340,'2023-12-01','2023-03-02','1906-07-06',7296.0,'2023-01-30',1)
INSERT INTO SupplierInvoice(invoice_id,supplier_id,supplier_invoice_date,supplier_invoice_due_date,supplier_invoice_balance,supplier_invoice_remaining_balance,supplier_invoice_balance_paid_date,supplier_invoice_payment_status) VALUES(5814,3970,'2023-05-19','2023-09-13','1909-12-12',6879.0,'2023-04-21',0)
INSERT INTO SupplierInvoice(invoice_id,supplier_id,supplier_invoice_date,supplier_invoice_due_date,supplier_invoice_balance,supplier_invoice_remaining_balance,supplier_invoice_balance_paid_date,supplier_invoice_payment_status) VALUES(5931,3665,'2023-07-27','2023-06-02','1934-06-29',10311.0,'2023-02-11',1)
INSERT INTO SupplierInvoice(invoice_id,supplier_id,supplier_invoice_date,supplier_invoice_due_date,supplier_invoice_balance,supplier_invoice_remaining_balance,supplier_invoice_balance_paid_date,supplier_invoice_payment_status) VALUES(5953,3460,'2023-01-01','2023-04-05','1939-03-19',11523.0,'2023-09-29',1)
INSERT INTO SupplierPayment(payment_id,invoice_id,supllier_amount,supplier_due_date) VALUES(1004,5609,14804.0,'2023-08-02')
INSERT INTO SupplierPayment(payment_id,invoice_id,supllier_amount,supplier_due_date) VALUES(1006,5557,3006.0,'2023-06-06')
INSERT INTO SupplierPayment(payment_id,invoice_id,supllier_amount,supplier_due_date) VALUES(1007,5562,7576.0,'2023-07-22')
INSERT INTO SupplierPayment(payment_id,invoice_id,supllier_amount,supplier_due_date) VALUES(1020,5357,12335.0,'2023-09-06')
INSERT INTO SupplierPayment(payment_id,invoice_id,supllier_amount,supplier_due_date) VALUES(1053,5635,9860.0,'2023-09-17')
INSERT INTO SupplierPayment(payment_id,invoice_id,supllier_amount,supplier_due_date) VALUES(1069,5481,635.0,'2023-05-02')
INSERT INTO SupplierPayment(payment_id,invoice_id,supllier_amount,supplier_due_date) VALUES(1075,5609,6088.0,'2023-04-21')
INSERT INTO SupplierPayment(payment_id,invoice_id,supllier_amount,supplier_due_date) VALUES(1078,5953,3218.0,'2023-11-26')
INSERT INTO SupplierPayment(payment_id,invoice_id,supllier_amount,supplier_due_date) VALUES(1122,5931,5820.0,'2023-03-17')
INSERT INTO SupplierPayment(payment_id,invoice_id,supllier_amount,supplier_due_date) VALUES(1125,5635,11934.0,'2023-04-21')
INSERT INTO SupplierPayment(payment_id,invoice_id,supllier_amount,supplier_due_date) VALUES(1198,5781,433.0,'2023-09-17')
INSERT INTO SupplierPayment(payment_id,invoice_id,supllier_amount,supplier_due_date) VALUES(1234,5609,14804.0,'1905-07-07')
INSERT INTO SupplierPayment(payment_id,invoice_id,supllier_amount,supplier_due_date) VALUES(1237,5135,9123.0,'2023-03-29')
INSERT INTO SupplierPayment(payment_id,invoice_id,supllier_amount,supplier_due_date) VALUES(1242,5759,14988.0,'2023-01-07')
INSERT INTO SupplierPayment(payment_id,invoice_id,supllier_amount,supplier_due_date) VALUES(1266,5575,11838.0,'2023-10-10')
INSERT INTO SupplierPayment(payment_id,invoice_id,supllier_amount,supplier_due_date) VALUES(1272,5428,6759.0,'2023-07-10')
INSERT INTO SupplierPayment(payment_id,invoice_id,supllier_amount,supplier_due_date) VALUES(1294,5357,14586.0,'2023-06-06')
INSERT INTO SupplierPayment(payment_id,invoice_id,supllier_amount,supplier_due_date) VALUES(1296,5481,735.0,'2023-03-06')
INSERT INTO SupplierPayment(payment_id,invoice_id,supllier_amount,supplier_due_date) VALUES(1303,5017,1236.0,'2023-06-17')
INSERT INTO SupplierPayment(payment_id,invoice_id,supllier_amount,supplier_due_date) VALUES(1315,5781,578.0,'2023-09-06')
INSERT INTO SupplierPayment(payment_id,invoice_id,supllier_amount,supplier_due_date) VALUES(1402,5763,1047.0,'2023-06-17')
INSERT INTO SupplierPayment(payment_id,invoice_id,supllier_amount,supplier_due_date) VALUES(1411,5814,1158.0,'2023-06-06')
INSERT INTO SupplierPayment(payment_id,invoice_id,supllier_amount,supplier_due_date) VALUES(1417,5197,1387.0,'2023-04-21')
INSERT INTO SupplierPayment(payment_id,invoice_id,supllier_amount,supplier_due_date) VALUES(1418,5130,4267.0,'2023-05-02')
INSERT INTO SupplierPayment(payment_id,invoice_id,supllier_amount,supplier_due_date) VALUES(1427,5658,6492.0,'2023-06-17')
INSERT INTO SupplierPayment(payment_id,invoice_id,supllier_amount,supplier_due_date) VALUES(1440,5197,6272.0,'2023-02-11')
INSERT INTO SupplierPayment(payment_id,invoice_id,supllier_amount,supplier_due_date) VALUES(1478,5490,2221.0,'2023-07-22')
INSERT INTO SupplierPayment(payment_id,invoice_id,supllier_amount,supplier_due_date) VALUES(1489,5750,8199.0,'2023-06-06')
INSERT INTO SupplierPayment(payment_id,invoice_id,supllier_amount,supplier_due_date) VALUES(1498,5471,12415.0,'2023-08-14')
INSERT INTO SupplierPayment(payment_id,invoice_id,supllier_amount,supplier_due_date) VALUES(1508,5497,727.0,'2023-11-26')
INSERT INTO SupplierPayment(payment_id,invoice_id,supllier_amount,supplier_due_date) VALUES(1509,5490,14041.0,'2023-06-17')
INSERT INTO SupplierPayment(payment_id,invoice_id,supllier_amount,supplier_due_date) VALUES(1510,5257,5306.0,'2023-05-25')
INSERT INTO SupplierPayment(payment_id,invoice_id,supllier_amount,supplier_due_date) VALUES(1513,5575,13930.0,'2023-08-02')
INSERT INTO SupplierPayment(payment_id,invoice_id,supllier_amount,supplier_due_date) VALUES(1525,5471,837.0,'2023-06-06')
INSERT INTO SupplierPayment(payment_id,invoice_id,supllier_amount,supplier_due_date) VALUES(1530,5763,10023.0,'2023-09-17')
INSERT INTO SupplierPayment(payment_id,invoice_id,supllier_amount,supplier_due_date) VALUES(1549,5206,12206.0,'2023-01-19')
INSERT INTO SupplierPayment(payment_id,invoice_id,supllier_amount,supplier_due_date) VALUES(1553,5135,11815.0,'2023-03-17')
INSERT INTO SupplierPayment(payment_id,invoice_id,supllier_amount,supplier_due_date) VALUES(1561,5440,11042.0,'2023-07-22')
INSERT INTO SupplierPayment(payment_id,invoice_id,supllier_amount,supplier_due_date) VALUES(1589,5681,12666.0,'2023-08-25')
INSERT INTO SupplierPayment(payment_id,invoice_id,supllier_amount,supplier_due_date) VALUES(1594,5440,7761.0,'2023-08-25')
INSERT INTO SupplierPayment(payment_id,invoice_id,supllier_amount,supplier_due_date) VALUES(1617,5515,727.0,'2023-07-10')
INSERT INTO SupplierPayment(payment_id,invoice_id,supllier_amount,supplier_due_date) VALUES(1627,5206,10466.0,'2023-11-26')
INSERT INTO SupplierPayment(payment_id,invoice_id,supllier_amount,supplier_due_date) VALUES(1696,5257,2366.0,'2023-10-22')
INSERT INTO SupplierPayment(payment_id,invoice_id,supllier_amount,supplier_due_date) VALUES(1708,5681,9860.0,'2023-10-10')
INSERT INTO SupplierPayment(payment_id,invoice_id,supllier_amount,supplier_due_date) VALUES(1728,5428,6397.0,'2023-09-17')
INSERT INTO SupplierPayment(payment_id,invoice_id,supllier_amount,supplier_due_date) VALUES(1746,5215,7659.0,'2023-11-26')
INSERT INTO SupplierPayment(payment_id,invoice_id,supllier_amount,supplier_due_date) VALUES(1752,5562,11274.0,'2023-01-19')
INSERT INTO SupplierPayment(payment_id,invoice_id,supllier_amount,supplier_due_date) VALUES(1778,5497,4424.0,'2023-03-06')
INSERT INTO SupplierPayment(payment_id,invoice_id,supllier_amount,supplier_due_date) VALUES(1807,5088,12425.0,'2023-03-06')
INSERT INTO SupplierPayment(payment_id,invoice_id,supllier_amount,supplier_due_date) VALUES(1829,5215,4461.0,'2023-01-30')
INSERT INTO SupplierPayment(payment_id,invoice_id,supllier_amount,supplier_due_date) VALUES(1844,5088,12354.0,'2023-02-11')
INSERT INTO SupplierPayment(payment_id,invoice_id,supllier_amount,supplier_due_date) VALUES(1850,5750,10877.0,'2023-08-14')
INSERT INTO SupplierPayment(payment_id,invoice_id,supllier_amount,supplier_due_date) VALUES(1868,5017,12527.0,'2023-06-06')
INSERT INTO SupplierPayment(payment_id,invoice_id,supllier_amount,supplier_due_date) VALUES(1915,5759,13315.0,'2023-04-21')
INSERT INTO SupplierPayment(payment_id,invoice_id,supllier_amount,supplier_due_date) VALUES(1916,5515,10457.0,'2023-05-25')
INSERT INTO Materials(mid,repair_id,supplier_id,material_name,material_issued_date,material_price,material_description,material_part_number) VALUES(28014,38153,3496,'Roofing Underlayment','2023-03-06',11518.0,'Fix/Upgrade Gravel',13237)
INSERT INTO Materials(mid,repair_id,supplier_id,material_name,material_issued_date,material_price,material_description,material_part_number) VALUES(28016,39521,3970,'Rebar','2023-03-17',5663.0,'Fix/Upgrade Junction boxes',18231)
INSERT INTO Materials(mid,repair_id,supplier_id,material_name,material_issued_date,material_price,material_description,material_part_number) VALUES(28087,38991,3631,'Paint','2023-04-09',4015.0,'Fix/Upgrade Lighting fixtures',6097)
INSERT INTO Materials(mid,repair_id,supplier_id,material_name,material_issued_date,material_price,material_description,material_part_number) VALUES(28099,37342,3222,'Electrical wires','2023-05-25',2554.0,'Fix/Upgrade Drywall',15843)
INSERT INTO Materials(mid,repair_id,supplier_id,material_name,material_issued_date,material_price,material_description,material_part_number) VALUES(28109,37003,3665,'Insulation','2023-07-10',1355.0,'Fix/Upgrade Roofing Shingles',18743)
INSERT INTO Materials(mid,repair_id,supplier_id,material_name,material_issued_date,material_price,material_description,material_part_number) VALUES(28140,39482,3884,'Plumbing Pipes','2023-11-02',7661.0,'Fix/Upgrade Electrical wires',14490)
INSERT INTO Materials(mid,repair_id,supplier_id,material_name,material_issued_date,material_price,material_description,material_part_number) VALUES(28193,39563,3198,'Siding','2023-02-11',4489.0,'Fix/Upgrade Drywall',2834)
INSERT INTO Materials(mid,repair_id,supplier_id,material_name,material_issued_date,material_price,material_description,material_part_number) VALUES(28198,39585,3472,'Circuit breakers and panels','2023-09-17',902.0,'Fix/Upgrade Rebar',11510)
INSERT INTO Materials(mid,repair_id,supplier_id,material_name,material_issued_date,material_price,material_description,material_part_number) VALUES(28222,37255,3319,'Trim','2023-06-06',7786.0,'Fix/Upgrade Insulation',7465)
INSERT INTO Materials(mid,repair_id,supplier_id,material_name,material_issued_date,material_price,material_description,material_part_number) VALUES(28259,39768,3412,'Nails','2023-11-02',7527.0,'Fix/Upgrade Fittings',3717)
INSERT INTO Materials(mid,repair_id,supplier_id,material_name,material_issued_date,material_price,material_description,material_part_number) VALUES(28262,37359,3340,'Circuit Breakers','2023-08-25',1120.0,'Fix/Upgrade Plumbing Pipes',5317)
INSERT INTO Materials(mid,repair_id,supplier_id,material_name,material_issued_date,material_price,material_description,material_part_number) VALUES(28265,37950,3932,'Flooring Materials','2023-02-22',13577.0,'Fix/Upgrade Drywall',7665)
INSERT INTO Materials(mid,repair_id,supplier_id,material_name,material_issued_date,material_price,material_description,material_part_number) VALUES(28360,38378,3460,'Insulation','2023-07-10',13374.0,'Fix/Upgrade Outlets and switches',16172)
INSERT INTO Materials(mid,repair_id,supplier_id,material_name,material_issued_date,material_price,material_description,material_part_number) VALUES(28401,38537,3493,'Circuit Breakers','2023-03-06',1167.0,'Fix/Upgrade Circuit Breakers',19319)
INSERT INTO Materials(mid,repair_id,supplier_id,material_name,material_issued_date,material_price,material_description,material_part_number) VALUES(28438,39004,3762,'Electrical Wires','2023-05-25',11407.0,'Fix/Upgrade Nails',7733)
INSERT INTO Materials(mid,repair_id,supplier_id,material_name,material_issued_date,material_price,material_description,material_part_number) VALUES(28467,38381,3377,'Lumber','2023-11-26',12859.0,'Fix/Upgrade Circuit breakers and panels',18521)
INSERT INTO Materials(mid,repair_id,supplier_id,material_name,material_issued_date,material_price,material_description,material_part_number) VALUES(28493,39709,3887,'Rebar','2023-05-25',11872.0,'Fix/Upgrade Plywood',2834)
INSERT INTO Materials(mid,repair_id,supplier_id,material_name,material_issued_date,material_price,material_description,material_part_number) VALUES(28539,38329,3959,'Junction boxes','2023-08-14',2785.0,'Fix/Upgrade Windows',4457)
INSERT INTO Materials(mid,repair_id,supplier_id,material_name,material_issued_date,material_price,material_description,material_part_number) VALUES(28628,38969,3065,'Concrete','2023-07-22',12576.0,'Fix/Upgrade Fittings',13778)
INSERT INTO Materials(mid,repair_id,supplier_id,material_name,material_issued_date,material_price,material_description,material_part_number) VALUES(28645,38513,3076,'Roofing Shingles','2023-04-21',1435.0,'Fix/Upgrade Paint',5850)
INSERT INTO Materials(mid,repair_id,supplier_id,material_name,material_issued_date,material_price,material_description,material_part_number) VALUES(28755,37390,3364,'Concrete','2023-06-29',11901.0,'Fix/Upgrade Rebar',19081)
INSERT INTO Materials(mid,repair_id,supplier_id,material_name,material_issued_date,material_price,material_description,material_part_number) VALUES(28806,37530,3058,'Concrete','2023-06-17',9974.0,'Fix/Upgrade Doors',10745)
INSERT INTO Materials(mid,repair_id,supplier_id,material_name,material_issued_date,material_price,material_description,material_part_number) VALUES(28815,37139,3552,'Outlets and switches','2023-05-02',5820.0,'Fix/Upgrade Rebar',4562)
INSERT INTO Materials(mid,repair_id,supplier_id,material_name,material_issued_date,material_price,material_description,material_part_number) VALUES(28842,38328,3206,'Circuit Breakers','2023-10-10',242.0,'Fix/Upgrade Paint',17498)
INSERT INTO Materials(mid,repair_id,supplier_id,material_name,material_issued_date,material_price,material_description,material_part_number) VALUES(28867,39011,3390,'Electrical wires','2023-07-22',11523.0,'Fix/Upgrade Lumber',5016)
INSERT INTO Materials(mid,repair_id,supplier_id,material_name,material_issued_date,material_price,material_description,material_part_number) VALUES(28878,37940,3008,'Junction boxes','2023-03-17',4107.0,'Fix/Upgrade Circuit breakers and panels',15689)
INSERT INTO Materials(mid,repair_id,supplier_id,material_name,material_issued_date,material_price,material_description,material_part_number) VALUES(28889,37695,3424,'Lumber','2023-01-07',1211.0,'Fix/Upgrade Concrete',12234)
INSERT INTO Materials(mid,repair_id,supplier_id,material_name,material_issued_date,material_price,material_description,material_part_number) VALUES(28907,37371,3141,'Paint','2023-06-17',3649.0,'Fix/Upgrade Roofing Underlayment',12953)
INSERT INTO Materials(mid,repair_id,supplier_id,material_name,material_issued_date,material_price,material_description,material_part_number) VALUES(28957,39099,3077,'Electrical Wires','2023-10-10',2773.0,'Fix/Upgrade Doors',4771)
INSERT INTO Materials(mid,repair_id,supplier_id,material_name,material_issued_date,material_price,material_description,material_part_number) VALUES(28998,37555,3480,'Trim','2023-08-14',1146.0,'Fix/Upgrade Gravel',14907)
